{
  "all": {
    "bleu": 0.28310432417537734,
    "rouge_l": 0.533699621839455
  },
  "ambig": {
    "bleu": 0.28310432417537734,
    "rouge_l": 0.533699621839455
  }
}