{
  "all": {
    "bleu": 0.258552771106446,
    "rouge_l": 0.5132173361991416
  },
  "ambig": {
    "bleu": 0.258552771106446,
    "rouge_l": 0.5132173361991416
  }
}