{
  "all": {
    "bleu": 0.26575566081751273,
    "rouge_l": 0.5156605521112305
  },
  "ambig": {
    "bleu": 0.26575566081751273,
    "rouge_l": 0.5156605521112305
  }
}