{
  "all": {
    "bleu": 0.24573098583526456,
    "rouge_l": 0.5035675436069018
  },
  "ambig": {
    "bleu": 0.24573098583526456,
    "rouge_l": 0.5035675436069018
  }
}